10931,10930,10929,10928,10927,10926,10924,10922,10920,10918,10915,10913,10910,10907,10903,10900,10896,10892,10888,10883,10879,10874,10870,10865,10860,10855,10850,10845,10840,10835,10830,10825,10821,10816,10812,10808,10804,10800,10796,10793,10790,10787,10785,10783,10782,10780,10780,10779,10779,10779,10779,10780,10780,10781,10783,10785,10786,10789,10791,10793,10797,10800,10803,10806,10809,10813,10816,10821,10825,10830,10836,10842,10848,10855,10862,10870,10879,10888,10897,10907,10917,10928,10939,10950,10962,10973,10985,10996,11006,11021,11034,11044,11055,11067,11078,11089,11100,11112,11123,11134,11144,11155,11165,11175,11184,11193,11202,11211,11219,11226,11234,11242,11249
10958,10958,10958,10957,10957,10956,10955,10954,10952,10950,10948,10945,10942,10939,10935,10931,10927,10922,10918,10912,10907,10901,10895,10889,10883,10877,10871,10865,10859,10853,10847,10841,10835,10829,10823,10818,10813,10808,10804,10800,10796,10793,10789,10787,10784,10783,10781,10780,10780,10779,10779,10780,10781,10782,10783,10785,10787,10789,10791,10793,10795,10798,10801,10803,10806,10809,10812,10815,10819,10823,10827,10832,10838,10844,10850,10857,10864,10871,10880,10890,10900,10911,10923,10934,10946,10958,10970,10984,10996,11007,11019,11033,11046,11059,11072,11084,11096,11107,11118,11129,11140,11150,11161,11172,11183,11192,11201,11210,11219,11227,11235,11243,11251
10989,10990,10991,10991,10991,10991,10991,10990,10989,10988,10986,10983,10981,10977,10974,10969,10965,10960,10954,10949,10943,10936,10930,10923,10916,10908,10900,10893,10885,10877,10870,10862,10855,10848,10841,10834,10828,10821,10815,10810,10805,10800,10796,10792,10789,10786,10784,10782,10781,10780,10780,10780,10781,10782,10784,10786,10787,10789,10791,10793,10795,10798,10800,10803,10805,10808,10810,10812,10815,10818,10822,10825,10830,10835,10841,10847,10853,10860,10869,10878,10887,10898,10909,10921,10932,10945,10957,10968,10981,10995,11008,11022,11035,11048,11061,11074,11087,11100,11112,11125,11137,11149,11161,11170,11180,11190,11200,11209,11219,11228,11237,11246,11256
11021,11024,11025,11027,11028,11029,11030,11030,11030,11029,11028,11026,11024,11021,11018,11014,11010,11005,10999,10994,10987,10980,10973,10965,10957,10948,10940,10930,10921,10911,10902,10892,10883,10874,10866,10857,10849,10841,10833,10826,10819,10813,10807,10802,10798,10794,10791,10788,10785,10784,10783,10783,10783,10784,10785,10787,10789,10791,10793,10795,10796,10798,10800,10802,10805,10807,10809,10811,10813,10815,10818,10820,10824,10827,10832,10837,10843,10849,10855,10863,10873,10883,10894,10905,10916,10929,10941,10954,10967,10980,10994,11007,11021,11034,11047,11061,11074,11087,11100,11113,11125,11138,11149,11162,11174,11185,11195,11205,11216,11227,11238,11248,11259
11054,11058,11061,11064,11066,11068,11070,11071,11072,11072,11072,11071,11069,11067,11064,11061,11056,11052,11047,11041,11034,11027,11020,11011,11003,10993,10983,10973,10963,10952,10941,10930,10919,10908,10896,10886,10875,10865,10855,10846,10838,10830,10822,10815,10809,10803,10799,10795,10791,10789,10787,10786,10786,10786,10787,10789,10791,10792,10794,10796,10797,10799,10801,10803,10805,10806,10808,10810,10812,10814,10816,10818,10820,10823,10826,10831,10835,10841,10847,10854,10863,10872,10882,10892,10903,10915,10927,10940,10954,10968,10982,10996,11010,11024,11038,11052,11065,11079,11092,11105,11118,11130,11143,11155,11168,11179,11191,11203,11215,11227,11239,11250,11260
11084,11088,11093,11097,11100,11104,11107,11109,11111,11113,11114,11114,11113,11112,11110,11108,11104,11100,11095,11090,11083,11076,11068,11060,11051,11041,11030,11020,11008,10997,10984,10972,10959,10946,10933,10921,10908,10896,10884,10872,10861,10851,10841,10832,10825,10817,10810,10805,10800,10796,10794,10792,10791,10790,10791,10791,10792,10793,10795,10796,10797,10799,10800,10802,10804,10805,10807,10809,10811,10813,10815,10817,10818,10821,10823,10826,10830,10835,10839,10845,10853,10861,10870,10880,10891,10901,10913,10926,10940,10954,10968,10982,10996,11011,11026,11042,11056,11069,11082,11095,11108,11122,11135,11149,11163,11176,11190,11204,11218,11230,11240,11250,11259
11111,11117,11122,11128,11133,11137,11142,11145,11149,11151,11153,11155,11155,11156,11155,11153,11151,11148,11144,11139,11133,11126,11118,11110,11101,11090,11079,11068,11056,11043,11030,11016,11002,10988,10974,10959,10945,10930,10916,10903,10889,10877,10865,10853,10843,10834,10825,10818,10811,10806,10801,10798,10796,10794,10794,10793,10793,10793,10794,10794,10795,10796,10798,10799,10801,10803,10805,10807,10809,10812,10814,10816,10818,10820,10823,10826,10828,10832,10837,10842,10848,10855,10863,10871,10880,10891,10902,10914,10927,10941,10955,10969,10984,10999,11015,11030,11045,11059,11072,11086,11101,11116,11131,11145,11159,11174,11187,11199,11210,11220,11230,11241,11251
11132,11139,11146,11153,11159,11165,11171,11176,11181,11185,11188,11191,11193,11194,11194,11194,11192,11190,11186,11182,11177,11171,11165,11157,11148,11138,11128,11116,11103,11090,11076,11062,11047,11032,11016,11001,10985,10969,10953,10937,10922,10906,10892,10878,10866,10854,10843,10833,10825,10817,10811,10806,10802,10799,10796,10794,10793,10791,10791,10790,10791,10791,10792,10793,10795,10797,10800,10803,10806,10809,10812,10815,10818,10821,10823,10826,10829,10832,10835,10840,10845,10851,10857,10865,10873,10882,10892,10904,10916,10928,10941,10955,10970,10986,11002,11017,11032,11047,11060,11076,11092,11108,11121,11134,11147,11160,11172,11183,11194,11206,11217,11230,11241
11150,11159,11167,11174,11182,11190,11197,11203,11209,11215,11219,11223,11227,11229,11230,11231,11231,11229,11227,11223,11219,11213,11207,11199,11191,11182,11173,11162,11150,11137,11124,11109,11094,11078,11061,11044,11027,11009,10992,10974,10957,10940,10923,10907,10891,10877,10864,10852,10841,10831,10822,10815,10808,10803,10798,10795,10791,10788,10787,10785,10785,10785,10785,10786,10788,10791,10794,10797,10801,10805,10809,10813,10817,10821,10825,10828,10831,10835,10838,10842,10846,10851,10858,10863,10869,10877,10887,10896,10907,10919,10931,10943,10957,10972,10988,11004,11019,11034,11048,11064,11080,11094,11107,11119,11131,11143,11156,11167,11180,11192,11206,11220,11233
11164,11173,11183,11192,11201,11209,11217,11225,11232,11239,11245,11250,11254,11258,11260,11262,11263,11263,11261,11259,11255,11251,11245,11238,11231,11222,11213,11202,11191,11179,11166,11152,11137,11121,11105,11087,11069,11051,11032,11013,10994,10976,10957,10939,10921,10904,10889,10874,10861,10848,10837,10827,10818,10810,10803,10797,10792,10787,10783,10780,10778,10778,10778,10779,10782,10785,10788,10793,10797,10802,10808,10813,10818,10823,10828,10832,10837,10840,10844,10848,10851,10855,10859,10864,10871,10878,10883,10891,10901,10912,10923,10934,10946,10960,10975,10990,11005,11020,11034,11049,11065,11080,11091,11103,11115,11128,11141,11153,11166,11181,11196,11211,11225
11177,11187,11197,11207,11217,11227,11237,11246,11254,11262,11269,11275,11280,11285,11288,11291,11292,11293,11292,11291,11288,11284,11279,11273,11266,11258,11250,11241,11230,11220,11207,11193,11178,11163,11146,11129,11111,11093,11073,11053,11033,11013,10993,10973,10953,10934,10915,10898,10882,10868,10854,10842,10830,10820,10810,10802,10795,10788,10783,10779,10777,10776,10776,10777,10779,10782,10786,10791,10797,10803,10810,10816,10822,10829,10834,10840,10845,10850,10854,10858,10861,10865,10868,10872,10876,10880,10887,10892,10900,10908,10917,10927,10938,10949,10964,10979,10993,11007,11021,11036,11052,11066,11080,11093,11107,11120,11131,11143,11158,11173,11188,11203,11217
11188,11199,11210,11221,11232,11243,11253,11263,11272,11281,11289,11296,11303,11308,11312,11316,11317,11318,11318,11317,11315,11313,11309,11304,11297,11290,11282,11272,11262,11252,11240,11229,11215,11200,11185,11168,11150,11132,11112,11093,11072,11051,11030,11009,10989,10968,10948,10929,10911,10893,10877,10861,10848,10836,10824,10814,10805,10797,10790,10785,10781,10780,10779,10780,10783,10786,10790,10796,10802,10809,10816,10824,10831,10839,10846,10852,10858,10863,10868,10872,10876,10878,10881,10884,10887,10890,10893,10897,10901,10908,10916,10925,10934,10943,10954,10968,10982,10996,11009,11024,11041,11057,11069,11082,11096,11110,11122,11136,11151,11166,11181,11196,11211
11202,11213,11223,11235,11246,11258,11269,11280,11290,11299,11308,11316,11323,11329,11334,11338,11340,11342,11343,11342,11340,11338,11335,11330,11325,11320,11313,11306,11297,11288,11276,11263,11249,11234,11219,11203,11186,11168,11149,11130,11109,11088,11067,11046,11023,11001,10979,10958,10939,10919,10902,10887,10871,10856,10843,10831,10820,10812,10804,10798,10794,10791,10790,10791,10793,10796,10801,10807,10814,10821,10829,10838,10846,10854,10862,10869,10875,10881,10886,10891,10894,10897,10899,10901,10902,10904,10905,10907,10910,10913,10918,10923,10930,10938,10948,10960,10972,10986,10999,11013,11029,11047,11062,11074,11088,11101,11113,11127,11143,11158,11173,11187,11202
11215,11227,11238,11249,11261,11272,11284,11295,11306,11316,11325,11334,11341,11348,11354,11358,11361,11363,11363,11363,11362,11361,11359,11355,11351,11346,11339,11331,11322,11312,11301,11290,11278,11266,11251,11237,11221,11204,11186,11166,11147,11127,11106,11084,11062,11040,11018,10996,10975,10955,10934,10917,10900,10885,10870,10857,10845,10835,10826,10819,10814,10811,10809,10810,10812,10815,10820,10826,10833,10841,10849,10858,10867,10875,10883,10891,10898,10904,10909,10914,10917,10920,10921,10922,10922,10922,10921,10921,10921,10922,10924,10928,10933,10939,10945,10954,10965,10977,10989,11002,11018,11035,11049,11062,11077,11091,11103,11116,11132,11148,11163,11178,11194
11232,11243,11254,11265,11277,11289,11301,11312,11323,11333,11343,11351,11358,11365,11370,11375,11378,11381,11383,11383,11383,11381,11379,11376,11372,11368,11362,11356,11348,11339,11330,11318,11308,11295,11282,11267,11252,11235,11218,11199,11181,11160,11140,11119,11098,11075,11052,11031,11009,10989,10971,10953,10934,10916,10900,10887,10874,10864,10856,10848,10843,10839,10837,10837,10839,10842,10847,10853,10860,10868,10876,10885,10893,10902,10910,10918,10925,10931,10937,10941,10944,10946,10947,10947,10946,10944,10942,10940,10938,10936,10936,10936,10938,10941,10947,10954,10962,10971,10983,10994,11007,11023,11039,11053,11068,11080,11094,11106,11123,11137,11154,11169,11182
11250,11260,11271,11282,11294,11305,11316,11328,11339,11350,11359,11368,11375,11382,11388,11393,11396,11399,11401,11401,11401,11400,11398,11396,11392,11387,11381,11375,11368,11360,11352,11343,11331,11319,11307,11293,11279,11264,11248,11231,11214,11196,11177,11157,11134,11113,11092,11071,11051,11031,11011,10992,10973,10955,10939,10924,10911,10900,10891,10884,10878,10874,10872,10872,10873,10876,10881,10886,10893,10901,10909,10917,10926,10935,10943,10950,10957,10963,10968,10972,10975,10976,10976,10975,10973,10970,10966,10963,10959,10955,10953,10951,10951,10952,10954,10957,10963,10969,10979,10989,11001,11014,11028,11040,11055,11071,11083,11095,11111,11125,11144,11160,11173
11271,11281,11291,11301,11312,11323,11334,11345,11355,11365,11375,11384,11391,11398,11403,11408,11411,11414,11416,11417,11418,11417,11415,11413,11409,11405,11401,11395,11388,11381,11373,11364,11354,11344,11332,11320,11306,11292,11277,11261,11245,11227,11209,11190,11171,11151,11131,11111,11091,11071,11051,11031,11012,10994,10978,10964,10952,10941,10932,10924,10918,10914,10912,10912,10913,10916,10920,10926,10932,10939,10947,10955,10964,10972,10980,10987,10993,10999,11003,11007,11009,11009,11008,11007,11004,11000,10995,10990,10984,10978,10974,10969,10968,10967,10965,10965,10968,10972,10979,10989,10999,11010,11020,11033,11047,11063,11074,11090,11100,11119,11135,11150,11162
11294,11302,11311,11321,11330,11340,11351,11361,11371,11381,11390,11398,11406,11412,11418,11422,11426,11429,11431,11432,11432,11432,11430,11428,11424,11420,11416,11411,11405,11399,11391,11384,11375,11367,11357,11346,11334,11321,11307,11293,11275,11260,11242,11226,11208,11189,11170,11151,11131,11111,11091,11072,11054,11038,11023,11010,10998,10986,10977,10969,10963,10959,10957,10957,10958,10961,10965,10970,10976,10983,10990,10998,11006,11013,11021,11027,11033,11037,11041,11043,11044,11044,11043,11040,11036,11031,11025,11019,11012,11006,11000,10993,10988,10984,10980,10978,10978,10981,10986,10991,10999,11008,11018,11027,11040,11055,11062,11085,11090,11113,11125,11137,11148
11318,11325,11333,11342,11350,11360,11369,11378,11388,11396,11405,11413,11420,11426,11431,11436,11439,11442,11444,11445,11445,11444,11443,11441,11439,11435,11431,11427,11421,11416,11410,11403,11396,11387,11378,11369,11357,11346,11333,11320,11306,11292,11276,11259,11244,11227,11209,11191,11171,11152,11133,11115,11098,11083,11069,11056,11045,11034,11025,11017,11012,11008,11006,11006,11007,11009,11013,11018,11023,11030,11037,11044,11051,11058,11064,11069,11074,11078,11080,11081,11082,11081,11078,11075,11071,11066,11058,11051,11043,11034,11026,11018,11013,11006,11000,10995,10995,10995,10995,10998,11002,11009,11018,11028,11036,11050,11057,11079,11084,11101,11113,11124,11132
11345,11350,11357,11364,11371,11379,11387,11395,11403,11411,11419,11427,11433,11439,11444,11448,11451,11454,11456,11457,11457,11456,11456,11454,11452,11449,11446,11442,11439,11434,11427,11421,11414,11408,11401,11393,11383,11373,11361,11349,11337,11321,11310,11295,11280,11263,11245,11228,11210,11192,11175,11159,11144,11130,11117,11104,11093,11083,11075,11068,11062,11059,11057,11057,11058,11060,11064,11068,11074,11080,11086,11092,11098,11104,11109,11113,11117,11119,11121,11121,11120,11118,11115,11110,11104,11099,11091,11084,11075,11067,11058,11049,11040,11031,11024,11018,11015,11012,11010,11009,11011,11015,11022,11030,11039,11048,11055,11071,11078,11093,11102,11115,11122
11372,11376,11381,11387,11392,11399,11405,11412,11419,11426,11433,11440,11446,11451,11456,11460,11463,11465,11467,11468,11468,11468,11467,11467,11466,11464,11461,11459,11455,11451,11447,11443,11438,11431,11424,11416,11408,11398,11389,11378,11367,11355,11343,11328,11313,11299,11282,11266,11249,11233,11218,11202,11188,11175,11163,11152,11141,11132,11125,11119,11114,11111,11110,11109,11111,11113,11116,11121,11125,11131,11136,11142,11147,11151,11155,11159,11161,11163,11163,11163,11161,11157,11153,11147,11141,11134,11126,11117,11108,11099,11089,11078,11068,11059,11050,11044,11038,11033,11028,11026,11026,11027,11031,11037,11044,11053,11060,11069,11079,11088,11098,11108,11117
11401,11404,11407,11410,11414,11419,11423,11429,11435,11441,11447,11453,11458,11463,11467,11470,11473,11475,11477,11478,11479,11479,11479,11479,11479,11478,11477,11476,11474,11472,11469,11465,11461,11456,11450,11444,11436,11428,11419,11409,11398,11386,11374,11361,11347,11333,11319,11303,11288,11273,11259,11245,11233,11221,11210,11199,11190,11181,11175,11169,11166,11163,11162,11162,11164,11166,11169,11173,11178,11182,11187,11192,11196,11200,11203,11206,11207,11208,11207,11206,11203,11198,11193,11186,11179,11170,11162,11152,11143,11132,11121,11110,11098,11090,11079,11071,11064,11057,11051,11046,11044,11043,11045,11047,11053,11059,11066,11074,11082,11090,11098,11106,11114
11431,11432,11433,11435,11437,11439,11442,11446,11450,11455,11460,11464,11469,11473,11477,11480,11482,11484,11486,11488,11489,11489,11490,11491,11492,11493,11493,11493,11493,11493,11492,11491,11490,11487,11482,11477,11470,11463,11454,11445,11436,11425,11413,11401,11388,11373,11358,11343,11328,11314,11301,11288,11276,11265,11255,11245,11237,11230,11224,11220,11216,11214,11213,11214,11215,11218,11221,11225,11229,11233,11238,11242,11246,11250,11252,11254,11255,11254,11253,11250,11246,11241,11234,11227,11218,11209,11199,11188,11178,11167,11153,11144,11129,11121,11109,11101,11092,11085,11077,11071,11067,11064,11064,11064,11067,11071,11077,11084,11091,11097,11104,11110,11116
11461,11460,11460,11459,11459,11460,11461,11462,11465,11468,11472,11476,11480,11483,11486,11489,11491,11493,11495,11496,11498,11499,11501,11503,11505,11507,11509,11511,11514,11515,11517,11518,11518,11518,11516,11513,11508,11502,11494,11485,11476,11466,11453,11442,11427,11415,11401,11387,11372,11358,11345,11332,11321,11310,11301,11292,11284,11277,11272,11268,11265,11263,11263,11264,11266,11268,11271,11275,11279,11283,11288,11292,11295,11298,11300,11302,11302,11301,11299,11295,11290,11283,11276,11268,11258,11248,11237,11226,11214,11203,11188,11178,11162,11155,11141,11133,11123,11114,11107,11099,11094,11090,11088,11087,11086,11088,11092,11096,11102,11108,11114,11119,11122
11492,11489,11487,11484,11482,11480,11479,11479,11480,11482,11484,11487,11489,11492,11495,11497,11499,11501,11503,11504,11506,11509,11511,11515,11519,11523,11527,11531,11536,11540,11543,11547,11549,11551,11552,11551,11548,11545,11538,11530,11521,11512,11502,11489,11477,11461,11448,11433,11418,11404,11390,11378,11366,11356,11346,11338,11330,11324,11319,11315,11313,11312,11312,11313,11314,11317,11320,11324,11328,11332,11336,11340,11343,11346,11348,11348,11348,11346,11343,11339,11333,11326,11318,11309,11299,11288,11276,11264,11251,11239,11224,11213,11197,11188,11174,11165,11155,11145,11137,11130,11123,11118,11115,11113,11112,11112,11112,11115,11118,11123,11127,11131,11134
11523,11518,11514,11509,11505,11501,11498,11496,11495,11494,11495,11497,11499,11500,11503,11504,11506,11508,11510,11512,11514,11518,11522,11527,11533,11539,11545,11551,11558,11564,11569,11574,11579,11582,11585,11587,11587,11585,11582,11576,11568,11558,11548,11536,11525,11510,11497,11482,11467,11452,11438,11426,11414,11403,11393,11384,11376,11370,11365,11362,11360,11359,11359,11360,11361,11364,11367,11371,11375,11379,11383,11386,11389,11392,11393,11393,11392,11390,11386,11381,11376,11368,11360,11350,11340,11328,11316,11303,11290,11277,11262,11249,11234,11222,11209,11198,11187,11177,11168,11161,11154,11149,11145,11141,11139,11137,11137,11138,11138,11140,11143,11147,11150
11553,11547,11540,11534,11527,11521,11516,11512,11509,11507,11507,11507,11507,11508,11509,11511,11513,11514,11516,11519,11522,11527,11533,11539,11546,11554,11561,11569,11577,11585,11593,11600,11607,11614,11619,11624,11626,11627,11626,11623,11617,11609,11598,11586,11574,11561,11546,11532,11516,11502,11488,11474,11461,11450,11439,11430,11422,11416,11411,11408,11405,11404,11404,11405,11407,11409,11412,11416,11419,11423,11427,11430,11432,11434,11435,11435,11433,11431,11427,11423,11417,11410,11401,11391,11381,11369,11356,11343,11330,11316,11301,11287,11273,11259,11245,11233,11221,11211,11201,11193,11186,11180,11175,11172,11169,11167,11165,11164,11163,11164,11165,11165,11167
11583,11575,11567,11558,11550,11542,11535,11529,11524,11520,11518,11516,11516,11516,11516,11517,11519,11520,11522,11525,11530,11535,11542,11549,11557,11566,11575,11584,11594,11604,11614,11624,11634,11642,11650,11657,11662,11665,11666,11666,11662,11655,11646,11634,11624,11611,11598,11584,11566,11552,11537,11523,11509,11497,11485,11475,11467,11461,11456,11452,11449,11448,11447,11448,11449,11452,11455,11458,11461,11464,11467,11470,11472,11474,11474,11474,11472,11470,11466,11463,11457,11450,11442,11433,11422,11410,11398,11385,11372,11357,11343,11328,11313,11298,11284,11271,11258,11247,11237,11228,11220,11213,11208,11204,11200,11197,11195,11193,11192,11191,11190,11191,11191
11612,11603,11593,11583,11572,11562,11553,11545,11538,11532,11528,11526,11524,11523,11522,11523,11524,11525,11528,11531,11536,11542,11550,11558,11566,11577,11587,11598,11609,11621,11633,11646,11657,11668,11678,11686,11692,11698,11700,11701,11700,11694,11688,11678,11669,11658,11642,11632,11613,11598,11583,11570,11556,11543,11530,11519,11511,11503,11498,11493,11490,11488,11488,11488,11490,11492,11494,11497,11500,11502,11505,11507,11509,11511,11511,11510,11509,11507,11504,11501,11495,11490,11482,11473,11463,11452,11440,11427,11414,11400,11385,11370,11355,11340,11326,11312,11299,11286,11275,11266,11258,11250,11244,11239,11235,11231,11229,11226,11225,11223,11222,11221,11219
11641,11631,11620,11607,11595,11583,11571,11561,11552,11545,11539,11535,11532,11529,11529,11528,11529,11531,11533,11537,11542,11548,11556,11565,11575,11586,11597,11609,11622,11636,11650,11664,11678,11690,11702,11711,11720,11726,11731,11733,11733,11732,11725,11720,11705,11700,11685,11672,11658,11645,11628,11613,11600,11587,11573,11562,11552,11544,11538,11533,11529,11526,11526,11526,11527,11528,11530,11533,11535,11537,11539,11541,11543,11545,11545,11545,11544,11542,11540,11537,11532,11528,11521,11513,11504,11494,11483,11470,11458,11445,11430,11416,11401,11386,11372,11357,11344,11331,11319,11308,11299,11291,11284,11278,11273,11269,11266,11263,11261,11259,11257,11255,11254
11668,11657,11645,11631,11617,11603,11589,11577,11566,11557,11549,11544,11539,11537,11534,11533,11534,11536,11538,11542,11547,11554,11562,11572,11582,11594,11606,11619,11633,11648,11664,11680,11695,11709,11723,11734,11744,11752,11759,11763,11764,11764,11761,11754,11746,11737,11726,11713,11696,11685,11667,11658,11637,11627,11613,11601,11590,11582,11574,11569,11564,11562,11560,11560,11561,11562,11564,11565,11567,11569,11571,11573,11575,11576,11577,11577,11577,11576,11574,11572,11568,11564,11558,11552,11544,11535,11525,11514,11503,11490,11476,11462,11448,11433,11419,11404,11391,11378,11365,11354,11345,11337,11328,11322,11316,11311,11308,11305,11302,11300,11298,11296,11295
11694,11683,11669,11655,11639,11623,11607,11593,11580,11569,11560,11553,11548,11544,11541,11540,11540,11541,11543,11547,11553,11560,11569,11579,11589,11601,11614,11627,11642,11659,11676,11693,11710,11726,11740,11753,11765,11775,11782,11788,11792,11793,11791,11786,11779,11769,11758,11749,11733,11721,11705,11690,11677,11663,11649,11637,11626,11616,11608,11602,11597,11594,11592,11591,11591,11592,11593,11594,11596,11597,11599,11601,11603,11604,11605,11606,11606,11606,11605,11603,11601,11598,11594,11589,11583,11575,11567,11557,11548,11536,11525,11512,11498,11485,11471,11456,11443,11429,11417,11406,11395,11387,11378,11371,11365,11360,11356,11353,11350,11347,11345,11343,11341
11719,11707,11693,11677,11660,11643,11625,11609,11594,11582,11571,11563,11557,11552,11549,11547,11547,11548,11550,11553,11559,11567,11576,11586,11596,11608,11620,11634,11650,11667,11685,11704,11722,11740,11756,11770,11783,11794,11803,11811,11816,11818,11817,11814,11808,11800,11790,11778,11765,11750,11737,11720,11709,11692,11680,11668,11656,11647,11638,11631,11626,11622,11620,11618,11618,11618,11619,11619,11621,11622,11624,11625,11627,11628,11629,11630,11631,11631,11632,11631,11631,11629,11627,11623,11619,11613,11607,11599,11590,11580,11571,11559,11547,11535,11521,11509,11495,11483,11469,11461,11449,11441,11432,11424,11418,11412,11408,11404,11401,11398,11396,11394,11392
11742,11730,11716,11699,11682,11663,11644,11626,11609,11595,11583,11573,11566,11561,11558,11556,11555,11556,11558,11562,11567,11574,11583,11593,11601,11613,11626,11640,11657,11674,11693,11713,11732,11750,11768,11783,11798,11810,11821,11830,11836,11840,11840,11838,11832,11825,11816,11804,11789,11776,11761,11747,11732,11721,11706,11695,11683,11673,11664,11656,11651,11646,11643,11642,11641,11640,11641,11641,11642,11643,11644,11645,11647,11649,11651,11653,11655,11657,11659,11660,11661,11661,11660,11658,11655,11652,11646,11640,11633,11625,11615,11605,11595,11584,11572,11559,11548,11537,11524,11516,11504,11496,11488,11481,11474,11469,11464,11460,11457,11454,11452,11449,11447
11765,11752,11737,11721,11703,11683,11662,11642,11624,11608,11595,11584,11576,11571,11568,11566,11565,11566,11568,11572,11576,11583,11591,11599,11608,11619,11632,11646,11662,11680,11699,11720,11740,11759,11777,11795,11810,11824,11836,11847,11854,11858,11860,11858,11854,11846,11837,11823,11813,11798,11786,11770,11754,11740,11729,11716,11705,11694,11685,11677,11671,11667,11663,11661,11660,11659,11658,11658,11659,11660,11662,11664,11667,11670,11674,11676,11681,11684,11688,11690,11693,11695,11696,11696,11695,11693,11689,11684,11677,11672,11663,11654,11645,11635,11623,11612,11600,11590,11579,11570,11560,11552,11544,11537,11531,11526,11521,11517,11514,11511,11509,11507,11504
11788,11774,11758,11741,11723,11703,11681,11660,11640,11622,11608,11596,11587,11581,11578,11577,11576,11577,11580,11583,11587,11593,11600,11608,11616,11627,11639,11652,11668,11685,11704,11725,11745,11766,11784,11804,11821,11835,11849,11860,11869,11875,11877,11876,11872,11864,11855,11841,11831,11814,11800,11785,11772,11757,11745,11732,11721,11711,11702,11694,11688,11683,11680,11677,11675,11674,11674,11674,11676,11678,11681,11684,11688,11693,11697,11702,11707,11712,11718,11723,11727,11731,11734,11736,11737,11736,11734,11731,11727,11720,11714,11706,11697,11688,11676,11666,11656,11646,11637,11628,11619,11610,11603,11596,11591,11585,11581,11577,11573,11571,11568,11566,11564
11810,11795,11778,11760,11742,11722,11700,11677,11656,11637,11622,11608,11599,11593,11590,11588,11589,11590,11592,11595,11600,11605,11611,11618,11625,11635,11646,11659,11673,11690,11708,11728,11749,11771,11791,11811,11829,11845,11859,11872,11882,11889,11891,11890,11886,11878,11868,11854,11843,11830,11816,11799,11784,11770,11757,11744,11733,11723,11714,11707,11701,11696,11693,11690,11689,11689,11690,11691,11694,11697,11701,11705,11710,11716,11723,11729,11736,11742,11750,11756,11764,11769,11775,11779,11782,11784,11784,11782,11781,11775,11771,11764,11756,11746,11736,11726,11716,11706,11696,11686,11678,11671,11664,11658,11652,11647,11642,11638,11635,11632,11630,11628,11626
11831,11816,11798,11779,11760,11740,11719,11695,11673,11652,11636,11622,11612,11606,11602,11601,11602,11603,11606,11609,11613,11617,11623,11628,11636,11644,11654,11665,11679,11694,11712,11732,11753,11775,11795,11817,11836,11853,11869,11882,11893,11900,11904,11903,11898,11891,11880,11868,11853,11837,11821,11808,11792,11779,11765,11751,11742,11731,11723,11716,11711,11707,11705,11703,11703,11704,11706,11709,11712,11717,11722,11727,11734,11741,11749,11757,11766,11775,11784,11794,11803,11812,11818,11825,11830,11834,11835,11836,11832,11830,11827,11820,11813,11805,11796,11787,11777,11767,11758,11749,11740,11732,11725,11718,11713,11707,11703,11699,11696,11693,11691,11689,11687
11852,11835,11817,11798,11778,11757,11736,11713,11690,11669,11651,11637,11626,11619,11616,11615,11616,11618,11620,11623,11627,11630,11635,11640,11646,11653,11661,11672,11684,11699,11715,11735,11756,11778,11799,11822,11842,11861,11878,11892,11903,11912,11915,11914,11908,11900,11888,11875,11861,11846,11831,11816,11798,11783,11770,11759,11746,11737,11730,11724,11720,11717,11716,11717,11718,11720,11723,11727,11732,11738,11744,11751,11759,11768,11778,11788,11799,11810,11822,11833,11843,11853,11863,11871,11877,11881,11883,11884,11884,11882,11878,11873,11867,11860,11853,11844,11836,11827,11819,11811,11803,11794,11787,11779,11773,11768,11763,11759,11756,11753,11751,11749,11748
11871,11855,11836,11815,11795,11774,11753,11730,11707,11686,11667,11653,11641,11634,11630,11629,11630,11632,11635,11637,11641,11644,11647,11651,11656,11662,11669,11678,11690,11703,11720,11738,11759,11781,11803,11826,11848,11868,11886,11901,11913,11922,11925,11923,11918,11908,11896,11882,11867,11851,11836,11817,11804,11788,11775,11761,11750,11741,11735,11731,11728,11728,11728,11731,11733,11737,11742,11747,11754,11761,11769,11778,11788,11798,11809,11821,11834,11847,11860,11873,11884,11895,11905,11914,11920,11925,11928,11930,11931,11930,11927,11924,11919,11913,11907,11899,11891,11883,11875,11867,11859,11852,11845,11838,11832,11826,11821,11817,11813,11810,11808,11806,11804
11889,11873,11854,11833,11812,11791,11769,11747,11724,11703,11684,11669,11657,11650,11646,11645,11646,11648,11650,11652,11655,11657,11660,11663,11667,11672,11678,11686,11696,11709,11724,11743,11763,11785,11808,11832,11854,11875,11894,11910,11922,11931,11934,11932,11926,11916,11904,11889,11873,11855,11837,11822,11804,11788,11775,11762,11753,11746,11740,11738,11737,11740,11742,11746,11751,11756,11762,11770,11778,11787,11796,11807,11818,11830,11842,11856,11870,11884,11898,11912,11925,11935,11946,11954,11961,11966,11970,11972,11974,11973,11972,11969,11965,11960,11954,11947,11941,11933,11925,11918,11910,11903,11897,11890,11884,11878,11873,11868,11864,11861,11858,11855,11852
11905,11889,11870,11849,11828,11807,11785,11763,11741,11720,11702,11686,11675,11667,11663,11662,11662,11664,11666,11668,11670,11671,11673,11675,11678,11682,11687,11694,11703,11715,11730,11748,11768,11790,11814,11838,11861,11883,11902,11918,11931,11940,11943,11941,11935,11926,11911,11895,11878,11860,11841,11822,11805,11789,11777,11765,11757,11751,11748,11748,11749,11754,11757,11763,11770,11777,11786,11795,11804,11815,11826,11837,11849,11862,11876,11891,11905,11920,11934,11948,11961,11973,11981,11991,11998,12003,12007,12010,12012,12012,12010,12008,12004,12000,11994,11988,11982,11975,11968,11962,11955,11948,11941,11935,11929,11923,11917,11913,11908,11904,11901,11898,11894
11920,11904,11886,11865,11843,11821,11800,11778,11758,11738,11719,11704,11693,11685,11681,11679,11680,11681,11683,11684,11685,11686,11687,11688,11690,11693,11697,11703,11712,11723,11738,11756,11776,11798,11822,11846,11869,11891,11910,11926,11940,11949,11953,11950,11945,11934,11922,11905,11885,11866,11846,11828,11810,11794,11781,11771,11763,11759,11758,11762,11762,11769,11774,11783,11791,11801,11811,11822,11833,11844,11856,11868,11881,11895,11909,11923,11938,11953,11967,11982,11993,12005,12013,12022,12029,12037,12043,12046,12048,12048,12046,12042,12038,12033,12028,12022,12016,12010,12004,11998,11992,11985,11979,11972,11966,11960,11955,11950,11945,11941,11937,11933,11930
11934,11918,11901,11880,11858,11836,11815,11793,11774,11754,11737,11723,11711,11704,11699,11698,11698,11699,11700,11701,11701,11701,11701,11702,11703,11705,11709,11714,11722,11734,11749,11766,11787,11808,11832,11856,11880,11902,11921,11936,11949,11959,11963,11960,11954,11946,11931,11915,11893,11874,11852,11834,11816,11798,11786,11777,11771,11771,11771,11777,11776,11788,11793,11803,11815,11826,11838,11850,11862,11874,11885,11897,11911,11925,11939,11954,11968,11983,11997,12011,12022,12031,12043,12052,12060,12066,12070,12070,12070,12070,12069,12066,12062,12058,12053,12048,12043,12038,12032,12027,12021,12015,12009,12002,11996,11990,11985,11980,11975,11970,11966,11962,11958
11947,11932,11915,11894,11872,11850,11829,11808,11789,11771,11754,11741,11730,11723,11719,11717,11717,11718,11718,11719,11719,11718,11717,11717,11718,11720,11723,11729,11737,11748,11762,11780,11799,11821,11845,11870,11892,11914,11932,11948,11959,11967,11973,11971,11965,11956,11944,11927,11905,11884,11864,11843,11825,11810,11797,11789,11783,11787,11782,11793,11794,11811,11818,11828,11841,11854,11866,11878,11890,11901,11913,11925,11939,11953,11967,11981,11995,12010,12024,12035,12048,12057,12069,12077,12081,12083,12087,12090,12092,12093,12093,12092,12089,12085,12080,12074,12068,12062,12056,12051,12045,12039,12033,12027,12021,12015,12009,12003,11998,11993,11988,11984,11981
11960,11945,11927,11908,11886,11863,11842,11822,11803,11786,11771,11758,11748,11742,11738,11737,11736,11737,11737,11737,11737,11736,11735,11734,11735,11737,11740,11746,11754,11765,11779,11797,11816,11838,11861,11885,11908,11929,11946,11960,11971,11978,11982,11982,11977,11969,11957,11941,11922,11896,11876,11858,11839,11824,11810,11806,11800,11804,11803,11815,11818,11839,11845,11856,11870,11883,11894,11905,11916,11927,11939,11951,11965,11978,11991,12005,12019,12035,12046,12058,12069,12081,12086,12090,12091,12096,12104,12108,12112,12114,12115,12115,12112,12109,12105,12099,12092,12085,12078,12071,12065,12058,12052,12046,12039,12033,12027,12021,12016,12010,12006,12001,11998
11971,11956,11939,11920,11898,11876,11855,11836,11816,11800,11786,11775,11766,11760,11757,11756,11756,11757,11757,11757,11757,11755,11754,11754,11754,11757,11761,11767,11775,11787,11801,11817,11836,11858,11880,11904,11926,11945,11961,11973,11983,11990,11993,11993,11990,11982,11972,11956,11941,11919,11899,11879,11859,11846,11832,11827,11824,11825,11829,11840,11847,11862,11873,11886,11899,11911,11920,11931,11941,11952,11962,11976,11988,12000,12013,12026,12041,12055,12065,12077,12086,12090,12093,12098,12103,12112,12120,12128,12132,12133,12134,12134,12132,12129,12125,12119,12113,12106,12098,12090,12082,12075,12068,12061,12054,12048,12042,12035,12029,12024,12019,12014,12010
11981,11967,11950,11931,11910,11888,11868,11848,11829,11813,11801,11790,11783,11778,11776,11775,11775,11776,11777,11777,11777,11777,11776,11776,11777,11780,11784,11791,11800,11811,11825,11841,11860,11880,11902,11924,11944,11962,11977,11989,11997,12002,12005,12005,12002,11996,11988,11975,11959,11941,11922,11906,11886,11876,11861,11855,11854,11853,11860,11872,11882,11894,11904,11916,11929,11936,11944,11955,11964,11974,11984,11996,12007,12020,12032,12046,12060,12070,12083,12091,12095,12097,12104,12109,12115,12123,12134,12144,12146,12149,12150,12149,12148,12145,12141,12136,12130,12123,12115,12107,12097,12089,12081,12074,12066,12059,12053,12046,12040,12034,12029,12024,12020
11990,11976,11960,11942,11921,11900,11879,11860,11842,11826,11814,11805,11798,11795,11793,11793,11794,11796,11798,11799,11799,11799,11799,11800,11801,11805,11810,11818,11827,11838,11852,11868,11886,11905,11925,11945,11964,11980,11994,12005,12013,12018,12021,12020,12018,12012,12004,11995,11981,11967,11948,11936,11918,11910,11898,11891,11889,11886,11896,11909,11917,11926,11934,11946,11956,11961,11969,11977,11985,11994,12004,12015,12026,12037,12049,12064,12077,12085,12095,12099,12103,12110,12113,12117,12124,12133,12145,12155,12160,12162,12161,12161,12160,12159,12156,12152,12146,12139,12131,12121,12111,12101,12092,12084,12076,12069,12062,12055,12048,12043,12037,12033,12028
11997,11986,11970,11952,11932,11912,11891,11871,11853,11839,11827,11819,11813,11811,11810,11810,11812,11815,11818,11820,11822,11823,11824,11826,11829,11833,11839,11846,11856,11867,11881,11896,11913,11931,11949,11967,11983,11999,12012,12023,12031,12036,12039,12039,12038,12033,12027,12018,12008,11995,11980,11965,11952,11942,11933,11924,11924,11920,11930,11941,11949,11957,11964,11973,11980,11984,11990,11997,12004,12012,12022,12032,12042,12054,12067,12080,12090,12099,12106,12108,12115,12118,12121,12124,12132,12140,12153,12166,12171,12170,12168,12169,12171,12172,12170,12166,12160,12153,12144,12134,12123,12112,12102,12093,12085,12077,12069,12062,12056,12050,12044,12040,12035
12005,11994,11979,11963,11943,11923,11902,11883,11866,11851,11840,11833,11828,11826,11826,11827,11830,11834,11838,11841,11845,11848,11850,11853,11857,11862,11869,11877,11886,11898,11911,11926,11941,11958,11974,11990,12004,12018,12031,12042,12050,12056,12060,12062,12061,12057,12052,12045,12037,12026,12016,11999,11990,11976,11972,11960,11959,11958,11967,11975,11980,11987,11994,11999,12003,12006,12010,12016,12021,12028,12037,12047,12057,12070,12083,12093,12102,12110,12115,12119,12124,12126,12130,12132,12140,12145,12161,12172,12175,12173,12175,12179,12182,12183,12181,12178,12172,12165,12156,12146,12134,12122,12111,12101,12092,12084,12076,12069,12063,12057,12051,12046,12041
12013,12002,11989,11973,11954,11934,11914,11895,11878,11864,11854,11847,11843,11841,11842,11844,11848,11853,11858,11863,11868,11873,11877,11882,11887,11893,11900,11909,11919,11930,11942,11956,11970,11985,11999,12014,12026,12039,12052,12063,12072,12079,12083,12085,12084,12082,12078,12071,12065,12056,12051,12036,12032,12017,12015,12001,12000,12000,12007,12011,12014,12017,12021,12024,12025,12027,12029,12033,12037,12044,12052,12062,12073,12085,12095,12104,12113,12121,12123,12128,12132,12135,12138,12140,12145,12154,12166,12172,12175,12174,12182,12188,12191,12192,12190,12187,12182,12176,12167,12156,12144,12132,12119,12108,12099,12091,12084,12076,12070,12064,12057,12052,12047
12022,12011,11998,11983,11965,11946,11926,11908,11891,11878,11869,11862,11859,11858,11859,11862,11867,11873,11879,11886,11893,11899,11905,11911,11918,11925,11933,11941,11951,11962,11974,11986,11999,12012,12024,12038,12050,12062,12074,12084,12093,12100,12104,12106,12107,12106,12103,12098,12093,12086,12080,12073,12068,12057,12056,12045,12042,12041,12046,12046,12046,12044,12046,12048,12046,12046,12047,12049,12053,12058,12066,12076,12088,12095,12106,12115,12124,12130,12133,12138,12141,12143,12146,12148,12152,12163,12168,12172,12173,12180,12188,12193,12196,12198,12198,12195,12191,12185,12177,12166,12154,12141,12127,12116,12106,12098,12091,12084,12077,12071,12064,12058,12052
12030,12020,12008,11993,11976,11958,11939,11922,11906,11894,11885,11880,11877,11876,11879,11883,11889,11896,11904,11912,11920,11927,11935,11942,11950,11957,11966,11974,11984,11994,12005,12016,12027,12038,12050,12062,12073,12085,12096,12106,12115,12121,12126,12128,12129,12128,12127,12123,12119,12114,12108,12103,12096,12091,12087,12081,12077,12077,12076,12076,12073,12069,12069,12069,12066,12064,12064,12065,12068,12073,12079,12089,12098,12106,12117,12126,12134,12139,12143,12147,12150,12152,12154,12156,12159,12168,12170,12170,12176,12183,12191,12197,12201,12203,12204,12202,12198,12192,12185,12175,12163,12150,12136,12124,12114,12106,12098,12092,12085,12078,12071,12064,12057
12039,12030,12018,12004,11988,11971,11953,11937,11923,11913,11905,11900,11898,11898,11901,11907,11914,11922,11931,11940,11949,11958,11966,11974,11982,11991,11999,12008,12017,12026,12035,12045,12055,12065,12076,12086,12097,12108,12119,12128,12136,12142,12146,12149,12150,12151,12150,12147,12144,12140,12135,12130,12125,12120,12115,12111,12106,12107,12100,12102,12097,12093,12090,12089,12084,12082,12080,12080,12082,12087,12093,12101,12109,12119,12129,12137,12144,12149,12154,12158,12160,12161,12163,12164,12165,12174,12174,12173,12180,12185,12193,12199,12204,12207,12208,12208,12205,12199,12192,12184,12172,12159,12144,12132,12122,12114,12106,12100,12093,12086,12078,12070,12063
12050,12040,12029,12016,12001,11985,11969,11955,11943,11933,11927,11923,11922,11924,11929,11935,11943,11952,11962,11972,11981,11990,11999,12008,12017,12025,12033,12041,12049,12058,12066,12074,12082,12091,12100,12110,12122,12132,12141,12149,12156,12162,12166,12169,12171,12171,12171,12169,12166,12162,12158,12153,12150,12144,12141,12136,12132,12132,12119,12129,12117,12115,12108,12107,12102,12098,12096,12095,12098,12102,12108,12114,12123,12133,12142,12148,12155,12159,12165,12168,12170,12171,12171,12172,12172,12179,12179,12176,12181,12185,12194,12201,12207,12211,12211,12212,12212,12208,12199,12190,12180,12167,12154,12141,12130,12122,12114,12108,12101,12094,12086,12078,12069
12061,12052,12041,12029,12015,12000,11987,11975,11965,11958,11953,11951,11952,11955,11961,11968,11977,11986,11996,12006,12016,12026,12036,12045,12053,12060,12068,12075,12082,12088,12095,12102,12109,12117,12125,12135,12146,12155,12163,12171,12178,12183,12187,12189,12191,12192,12191,12189,12187,12183,12180,12176,12172,12168,12164,12161,12153,12153,12146,12143,12138,12134,12127,12123,12119,12114,12112,12111,12113,12117,12122,12128,12136,12146,12154,12162,12166,12171,12175,12179,12180,12181,12181,12180,12180,12180,12183,12179,12183,12186,12195,12201,12209,12212,12215,12216,12215,12214,12209,12201,12188,12175,12162,12150,12140,12131,12123,12116,12109,12102,12094,12085,12076
12074,12065,12055,12044,12031,12019,12007,11998,11990,11985,11983,11982,11984,11989,11995,12004,12013,12024,12035,12046,12057,12067,12076,12083,12090,12096,12102,12108,12114,12119,12124,12129,12134,12141,12150,12159,12169,12178,12186,12193,12199,12203,12206,12208,12210,12211,12210,12208,12205,12202,12198,12195,12192,12189,12184,12181,12175,12171,12166,12154,12160,12150,12144,12138,12134,12130,12128,12127,12128,12132,12136,12143,12150,12159,12167,12173,12177,12183,12186,12189,12191,12191,12190,12189,12189,12186,12187,12183,12186,12188,12196,12203,12209,12212,12216,12219,12220,12218,12214,12209,12201,12188,12174,12161,12150,12140,12133,12125,12118,12110,12102,12093,12084
12088,12080,12071,12061,12051,12041,12032,12024,12019,12016,12015,12017,12021,12027,12036,12046,12058,12069,12080,12090,12099,12106,12113,12119,12124,12130,12134,12139,12143,12147,12150,12154,12159,12166,12174,12183,12192,12201,12207,12213,12218,12221,12224,12226,12227,12227,12226,12224,12221,12218,12215,12212,12209,12206,12202,12198,12194,12185,12183,12174,12170,12166,12160,12153,12146,12145,12143,12142,12143,12146,12150,12156,12163,12172,12180,12185,12189,12195,12198,12202,12203,12203,12201,12199,12197,12195,12193,12190,12190,12190,12200,12208,12213,12210,12215,12221,12221,12223,12220,12216,12208,12199,12188,12175,12163,12153,12143,12135,12127,12119,12111,12102,12093
12102,12095,12087,12080,12072,12064,12057,12053,12050,12050,12052,12057,12063,12072,12082,12093,12103,12112,12121,12128,12135,12142,12147,12152,12156,12161,12165,12168,12171,12173,12176,12180,12183,12189,12197,12206,12214,12221,12226,12231,12234,12237,12239,12241,12242,12241,12240,12238,12235,12232,12230,12227,12224,12220,12217,12212,12208,12201,12196,12189,12181,12180,12172,12166,12161,12159,12158,12156,12157,12160,12164,12170,12177,12185,12192,12197,12202,12207,12211,12214,12216,12215,12213,12211,12208,12204,12201,12197,12196,12195,12203,12216,12222,12211,12215,12221,12223,12223,12224,12222,12217,12209,12201,12190,12178,12167,12157,12147,12138,12130,12121,12113,12103
12117,12111,12105,12100,12094,12090,12087,12086,12086,12089,12094,12100,12107,12116,12125,12133,12141,12148,12155,12162,12170,12176,12180,12184,12188,12191,12193,12194,12195,12197,12200,12202,12206,12211,12219,12228,12234,12239,12243,12246,12249,12251,12253,12254,12255,12254,12253,12251,12248,12246,12243,12239,12236,12233,12229,12224,12219,12214,12206,12202,12193,12189,12184,12179,12175,12174,12170,12169,12170,12173,12177,12183,12190,12197,12204,12210,12216,12221,12225,12228,12229,12228,12227,12224,12220,12216,12211,12207,12204,12203,12204,12223,12233,12218,12215,12221,12221,12225,12225,12227,12224,12219,12212,12204,12194,12184,12173,12163,12154,12144,12135,12126,12117
12132,12128,12124,12121,12119,12118,12119,12121,12124,12128,12134,12140,12146,12154,12160,12168,12174,12181,12187,12194,12200,12206,12209,12213,12217,12218,12217,12217,12218,12220,12222,12224,12227,12233,12240,12247,12251,12255,12258,12260,12263,12265,12267,12268,12268,12267,12265,12263,12261,12258,12255,12251,12247,12243,12238,12233,12227,12223,12216,12211,12204,12199,12192,12190,12184,12184,12180,12180,12181,12185,12190,12196,12203,12210,12217,12223,12230,12234,12238,12241,12243,12243,12241,12239,12234,12229,12224,12219,12215,12212,12211,12223,12238,12224,12220,12226,12227,12224,12227,12228,12228,12226,12222,12216,12209,12200,12190,12180,12170,12161,12152,12143,12134
12150,12147,12146,12146,12146,12147,12150,12153,12158,12163,12168,12174,12180,12186,12193,12199,12205,12210,12216,12223,12228,12231,12235,12239,12241,12241,12242,12243,12242,12240,12241,12243,12248,12254,12259,12263,12266,12269,12271,12274,12276,12278,12280,12281,12281,12280,12278,12275,12273,12270,12266,12262,12258,12253,12247,12241,12235,12230,12223,12218,12212,12207,12201,12199,12197,12195,12188,12191,12191,12195,12200,12207,12215,12223,12230,12237,12243,12248,12252,12254,12256,12256,12255,12253,12249,12244,12239,12232,12228,12224,12225,12218,12237,12225,12227,12229,12236,12238,12236,12230,12232,12231,12230,12227,12222,12215,12207,12198,12188,12179,12170,12162,12154
12169,12169,12171,12172,12173,12175,12179,12182,12187,12192,12197,12202,12208,12214,12219,12224,12230,12236,12242,12248,12253,12254,12259,12261,12263,12266,12264,12263,12260,12259,12260,12264,12268,12272,12276,12279,12281,12283,12285,12287,12288,12290,12291,12291,12291,12290,12289,12287,12284,12281,12277,12273,12268,12262,12256,12249,12243,12237,12230,12225,12217,12212,12207,12203,12203,12202,12199,12198,12202,12206,12212,12219,12228,12236,12243,12250,12256,12262,12265,12267,12268,12268,12268,12267,12264,12260,12255,12249,12244,12240,12238,12237,12236,12232,12237,12235,12241,12249,12247,12236,12236,12237,12237,12236,12233,12228,12222,12215,12207,12199,12191,12183,12176
12192,12194,12196,12198,12200,12202,12205,12210,12213,12217,12222,12227,12231,12236,12240,12246,12252,12257,12263,12267,12271,12274,12280,12282,12285,12280,12276,12276,12277,12278,12280,12283,12287,12290,12292,12293,12294,12294,12296,12298,12299,12301,12302,12302,12302,12301,12299,12297,12294,12291,12287,12282,12277,12272,12265,12257,12250,12243,12236,12230,12224,12218,12213,12211,12207,12217,12211,12207,12215,12216,12224,12231,12240,12248,12257,12264,12271,12276,12280,12281,12282,12281,12281,12280,12279,12276,12272,12267,12261,12258,12254,12253,12251,12248,12246,12247,12249,12255,12252,12246,12247,12250,12251,12251,12249,12245,12239,12234,12228,12221,12215,12210,12204
12217,12220,12222,12224,12226,12227,12228,12231,12234,12238,12242,12246,12251,12255,12259,12264,12269,12274,12278,12282,12286,12292,12297,12298,12294,12289,12290,12293,12294,12296,12298,12299,12303,12306,12307,12304,12303,12304,12307,12309,12310,12310,12311,12311,12310,12310,12308,12305,12303,12300,12296,12291,12286,12280,12273,12265,12257,12249,12243,12236,12230,12224,12220,12217,12216,12219,12224,12217,12226,12228,12238,12245,12255,12261,12270,12277,12284,12290,12293,12295,12295,12295,12294,12294,12292,12292,12288,12285,12278,12277,12273,12271,12270,12269,12269,12267,12267,12268,12264,12264,12266,12268,12270,12271,12269,12266,12261,12255,12250,12244,12240,12235,12231
12239,12242,12244,12243,12244,12246,12248,12251,12254,12257,12261,12264,12267,12271,12275,12279,12284,12288,12290,12294,12300,12306,12307,12305,12300,12301,12305,12308,12311,12312,12312,12311,12313,12313,12312,12311,12313,12317,12319,12320,12320,12320,12320,12320,12319,12318,12316,12314,12311,12308,12304,12300,12295,12289,12281,12273,12265,12257,12249,12242,12236,12231,12226,12225,12223,12229,12231,12225,12240,12240,12251,12258,12270,12275,12282,12289,12297,12303,12306,12308,12308,12308,12307,12306,12305,12305,12303,12301,12297,12295,12292,12290,12288,12286,12286,12285,12286,12287,12286,12284,12284,12285,12286,12287,12286,12284,12281,12276,12271,12265,12260,12255,12251
12259,12261,12262,12263,12264,12265,12267,12269,12272,12276,12278,12281,12283,12286,12289,12293,12297,12299,12302,12306,12312,12316,12315,12312,12311,12312,12316,12317,12318,12319,12319,12320,12323,12323,12324,12325,12328,12329,12329,12329,12328,12328,12327,12327,12326,12325,12323,12321,12319,12316,12313,12309,12304,12298,12290,12282,12273,12264,12257,12250,12244,12239,12235,12234,12233,12240,12241,12245,12249,12255,12265,12271,12279,12289,12294,12301,12308,12313,12317,12319,12320,12320,12319,12318,12317,12317,12316,12315,12313,12311,12308,12306,12305,12304,12303,12302,12302,12302,12301,12301,12300,12302,12302,12302,12301,12299,12297,12294,12291,12287,12283,12279,12276
12277,12278,12278,12278,12279,12279,12280,12283,12286,12289,12292,12294,12296,12298,12301,12304,12307,12310,12313,12317,12322,12325,12321,12319,12321,12323,12323,12325,12326,12327,12330,12333,12335,12335,12336,12337,12338,12338,12337,12336,12335,12335,12334,12334,12333,12332,12331,12329,12326,12323,12321,12317,12312,12306,12299,12290,12282,12274,12266,12259,12253,12248,12245,12244,12245,12250,12255,12259,12263,12271,12279,12286,12289,12299,12303,12311,12317,12324,12327,12330,12330,12331,12330,12329,12328,12327,12327,12326,12325,12324,12322,12320,12319,12318,12317,12316,12315,12315,12315,12315,12315,12316,12316,12316,12315,12314,12312,12310,12308,12305,12302,12299,12297
12292,12293,12293,12292,12291,12292,12293,12296,12299,12302,12304,12305,12306,12308,12311,12314,12317,12320,12322,12327,12332,12329,12326,12328,12331,12332,12334,12336,12337,12340,12342,12343,12344,12345,12345,12346,12346,12345,12344,12342,12341,12341,12341,12340,12340,12338,12337,12335,12333,12331,12328,12325,12320,12314,12307,12299,12291,12284,12276,12270,12264,12260,12257,12258,12260,12263,12266,12271,12278,12285,12297,12297,12304,12310,12315,12320,12326,12335,12337,12340,12341,12341,12340,12339,12337,12337,12336,12336,12336,12336,12334,12332,12331,12330,12329,12328,12327,12327,12327,12327,12328,12329,12329,12329,12329,12328,12326,12324,12321,12319,12316,12313,12311
12306,12307,12306,12304,12303,12303,12305,12307,12310,12312,12314,12314,12314,12315,12319,12323,12327,12329,12330,12333,12333,12331,12336,12339,12340,12341,12343,12344,12347,12348,12350,12351,12352,12353,12353,12353,12353,12352,12350,12348,12347,12347,12346,12346,12345,12344,12343,12341,12339,12337,12335,12332,12328,12323,12317,12310,12302,12295,12288,12282,12277,12273,12272,12273,12276,12279,12283,12288,12293,12299,12306,12314,12317,12322,12324,12331,12333,12343,12346,12349,12350,12350,12349,12348,12347,12346,12345,12344,12343,12343,12342,12341,12341,12340,12339,12338,12337,12337,12338,12338,12339,12340,12340,12340,12340,12339,12337,12336,12334,12332,12330,12328,12326
12317,12317,12316,12314,12313,12313,12314,12317,12319,12321,12321,12320,12321,12322,12326,12329,12332,12335,12337,12338,12338,12343,12346,12345,12346,12347,12350,12351,12353,12354,12355,12357,12358,12359,12359,12359,12358,12357,12355,12353,12352,12352,12351,12350,12350,12349,12348,12347,12344,12342,12340,12338,12334,12330,12325,12319,12313,12307,12301,12296,12292,12289,12288,12289,12292,12294,12297,12301,12306,12312,12317,12323,12328,12332,12335,12339,12343,12352,12355,12357,12357,12357,12356,12355,12354,12353,12351,12350,12350,12349,12349,12349,12350,12349,12348,12347,12347,12347,12348,12349,12349,12350,12350,12349,12348,12348,12347,12346,12344,12342,12341,12339,12337
12326,12326,12325,12323,12322,12322,12323,12325,12328,12329,12328,12327,12327,12329,12332,12335,12338,12342,12342,12344,12348,12349,12349,12350,12352,12353,12355,12357,12358,12359,12361,12362,12362,12363,12364,12363,12362,12361,12359,12358,12357,12356,12355,12355,12354,12353,12352,12351,12349,12347,12345,12343,12340,12336,12332,12327,12322,12317,12313,12308,12305,12302,12302,12303,12305,12307,12310,12313,12318,12323,12328,12334,12337,12339,12342,12346,12353,12360,12364,12365,12364,12364,12363,12362,12360,12358,12358,12358,12358,12358,12358,12358,12358,12357,12356,12355,12355,12355,12356,12357,12358,12358,12357,12357,12356,12356,12355,12354,12353,12352,12350,12349,12347
12335,12333,12332,12331,12330,12330,12331,12333,12335,12335,12335,12334,12333,12334,12337,12340,12343,12347,12348,12349,12352,12353,12354,12355,12357,12358,12360,12361,12361,12363,12365,12365,12366,12367,12367,12367,12365,12364,12363,12361,12360,12359,12359,12358,12357,12357,12356,12355,12354,12352,12350,12348,12345,12342,12338,12335,12330,12326,12322,12318,12315,12313,12313,12315,12317,12319,12321,12325,12329,12334,12338,12342,12344,12347,12349,12355,12362,12369,12371,12370,12369,12369,12368,12368,12368,12366,12365,12365,12365,12364,12364,12363,12363,12363,12362,12362,12361,12362,12363,12364,12364,12365,12364,12364,12364,12363,12363,12362,12361,12359,12358,12357,12356
