,map_row,map_col,Day,actual_label,predicted_label,left,right,up,down
0,0,7,100,0,0,-1,-1,-1,-1
1,2,6,116,0,2,-1,0,0,-1
2,0,2,120,0,0,-1,2,-1,-1
3,0,2,120,0,0,-1,2,-1,-1
4,1,9,121,0,0,-1,-1,-1,-1
5,0,4,125,0,2,-1,0,-1,0
6,0,4,127,0,2,-1,0,-1,0
7,0,4,127,0,2,-1,0,-1,0
8,3,1,128,0,0,2,2,-1,2
9,3,1,128,0,0,2,2,-1,2
10,1,5,133,0,0,-1,-1,-1,2
11,2,0,134,0,0,-1,-1,-1,2
12,2,0,134,0,0,-1,-1,-1,2
13,2,0,135,0,0,-1,-1,-1,2
14,2,0,135,0,0,-1,-1,-1,2
15,1,0,136,0,0,-1,-1,2,-1
16,1,4,159,0,0,2,-1,2,2
17,1,8,164,0,0,-1,-1,-1,-1
18,2,8,166,0,0,-1,-1,-1,-1
19,0,6,16,0,0,-1,-1,-1,-1
20,0,1,174,0,0,2,-1,-1,-1
21,0,2,176,0,0,-1,2,-1,-1
22,3,7,179,0,2,-1,0,0,-1
23,0,5,17,0,0,2,-1,-1,-1
24,9,4,180,0,2,-1,3,-1,-1
25,1,1,183,0,0,-1,-1,-1,-1
26,0,0,184,0,2,-1,0,-1,0
27,3,2,189,0,2,0,-1,0,-1
28,2,1,191,0,0,-1,-1,-1,-1
29,2,2,192,0,0,-1,2,-1,2
30,2,1,193,0,0,-1,-1,-1,-1
31,1,1,194,0,0,-1,-1,-1,-1
32,0,1,195,0,0,2,-1,-1,-1
33,1,0,198,0,0,-1,-1,2,-1
34,2,1,199,0,0,-1,-1,-1,-1
35,2,1,200,0,0,-1,-1,-1,-1
36,1,1,201,0,0,-1,-1,-1,-1
37,1,1,201,0,0,-1,-1,-1,-1
38,1,1,202,0,0,-1,-1,-1,-1
39,1,0,203,0,0,-1,-1,2,-1
40,2,2,219,0,0,-1,2,-1,2
41,2,8,228,0,0,-1,-1,-1,-1
42,1,1,252,0,0,-1,-1,-1,-1
43,2,2,254,0,0,-1,2,-1,2
44,2,3,255,0,2,0,-1,-1,-1
45,2,2,258,0,0,-1,2,-1,2
46,1,3,259,0,2,0,0,-1,-1
47,2,3,260,0,2,0,-1,-1,-1
48,2,7,307,0,0,2,-1,-1,2
49,2,7,308,0,0,2,-1,-1,2
50,2,7,309,0,0,2,-1,-1,2
51,1,5,312,0,0,-1,-1,-1,2
52,1,5,313,0,0,-1,-1,-1,2
53,0,6,329,0,0,-1,-1,-1,-1
54,0,6,330,0,0,-1,-1,-1,-1
55,0,8,336,0,0,-1,-1,-1,-1
56,1,9,349,0,0,-1,-1,-1,-1
57,1,6,350,0,0,-1,-1,-1,2
58,1,7,351,0,0,-1,-1,-1,-1
59,1,9,356,0,0,-1,-1,-1,-1
60,2,9,359,0,0,-1,-1,-1,1
61,2,8,360,0,0,-1,-1,-1,-1
62,2,8,361,0,0,-1,-1,-1,-1
63,2,8,362,0,0,-1,-1,-1,-1
64,0,3,363,0,2,0,-1,-1,-1
65,2,8,367,0,0,-1,-1,-1,-1
66,0,7,371,0,0,-1,-1,-1,-1
67,1,9,373,0,0,-1,-1,-1,-1
68,0,7,37,0,0,-1,-1,-1,-1
69,1,7,381,0,0,-1,-1,-1,-1
70,1,9,385,0,0,-1,-1,-1,-1
71,0,7,386,0,0,-1,-1,-1,-1
72,2,8,387,0,0,-1,-1,-1,-1
73,0,7,38,0,0,-1,-1,-1,-1
74,2,9,393,0,0,-1,-1,-1,1
75,1,9,394,0,0,-1,-1,-1,-1
76,0,9,396,0,0,-1,-1,-1,-1
77,0,8,397,0,0,-1,-1,-1,-1
78,0,9,398,0,0,-1,-1,-1,-1
79,1,9,41,0,0,-1,-1,-1,-1
80,1,8,42,0,0,-1,-1,-1,-1
81,1,6,432,0,0,-1,-1,-1,2
82,0,5,433,0,0,2,-1,-1,-1
83,0,5,433,0,0,2,-1,-1,-1
84,0,5,433,0,0,2,-1,-1,-1
85,2,8,43,0,0,-1,-1,-1,-1
86,0,7,443,0,0,-1,-1,-1,-1
87,0,8,444,0,0,-1,-1,-1,-1
88,0,9,445,0,0,-1,-1,-1,-1
89,0,9,447,0,0,-1,-1,-1,-1
90,0,9,448,0,0,-1,-1,-1,-1
91,0,9,449,0,0,-1,-1,-1,-1
92,1,9,450,0,0,-1,-1,-1,-1
93,1,9,450,0,0,-1,-1,-1,-1
94,1,9,451,0,0,-1,-1,-1,-1
95,1,9,451,0,0,-1,-1,-1,-1
96,0,6,454,0,0,-1,-1,-1,-1
97,0,3,454,0,2,0,-1,-1,-1
98,0,6,455,0,0,-1,-1,-1,-1
99,0,8,456,0,0,-1,-1,-1,-1
100,0,6,457,0,0,-1,-1,-1,-1
101,2,7,470,0,0,2,-1,-1,2
102,1,7,477,0,0,-1,-1,-1,-1
103,0,8,478,0,0,-1,-1,-1,-1
104,0,8,480,0,0,-1,-1,-1,-1
105,0,8,480,0,0,-1,-1,-1,-1
106,0,8,481,0,0,-1,-1,-1,-1
107,0,8,481,0,0,-1,-1,-1,-1
108,0,9,482,0,0,-1,-1,-1,-1
109,0,9,482,0,0,-1,-1,-1,-1
110,0,2,483,0,0,-1,2,-1,-1
111,0,2,483,0,0,-1,2,-1,-1
112,0,9,484,0,0,-1,-1,-1,-1
113,0,9,485,0,0,-1,-1,-1,-1
114,1,2,486,0,0,-1,2,-1,-1
115,1,2,487,0,0,-1,2,-1,-1
116,1,2,487,0,0,-1,2,-1,-1
117,1,2,488,0,0,-1,2,-1,-1
118,1,2,488,0,0,-1,2,-1,-1
119,1,9,489,0,0,-1,-1,-1,-1
120,1,9,497,0,0,-1,-1,-1,-1
121,2,7,499,0,0,2,-1,-1,2
122,1,6,503,0,0,-1,-1,-1,2
123,1,6,506,0,0,-1,-1,-1,2
124,1,5,506,0,0,-1,-1,-1,2
125,1,7,507,0,0,-1,-1,-1,-1
126,1,7,508,0,0,-1,-1,-1,-1
127,1,7,509,0,0,-1,-1,-1,-1
128,1,7,510,0,0,-1,-1,-1,-1
129,1,7,511,0,0,-1,-1,-1,-1
130,1,7,512,0,0,-1,-1,-1,-1
131,0,0,515,0,2,-1,0,-1,0
132,2,3,519,0,2,0,-1,-1,-1
133,1,3,521,0,2,0,0,-1,-1
134,2,2,527,0,0,-1,2,-1,2
135,1,5,528,0,0,-1,-1,-1,2
136,1,5,529,0,0,-1,-1,-1,2
137,1,5,530,0,0,-1,-1,-1,2
138,1,4,531,0,0,2,-1,2,2
139,2,7,532,0,0,2,-1,-1,2
140,0,2,541,0,0,-1,2,-1,-1
141,1,1,542,0,0,-1,-1,-1,-1
142,1,4,546,0,0,2,-1,2,2
143,1,1,547,0,0,-1,-1,-1,-1
144,2,9,549,0,0,-1,-1,-1,1
145,1,1,553,0,0,-1,-1,-1,-1
146,0,1,556,0,0,2,-1,-1,-1
147,0,1,557,0,0,2,-1,-1,-1
148,1,1,570,0,0,-1,-1,-1,-1
149,1,1,571,0,0,-1,-1,-1,-1
150,2,2,571,0,0,-1,2,-1,2
151,3,0,575,0,2,-1,0,0,-1
152,0,0,578,0,2,-1,0,-1,0
153,1,0,595,0,0,-1,-1,2,-1
154,9,4,606,0,2,-1,3,-1,-1
155,2,1,607,0,0,-1,-1,-1,-1
156,1,3,610,0,2,0,0,-1,-1
157,1,3,611,0,2,0,0,-1,-1
158,2,1,612,0,0,-1,-1,-1,-1
159,1,0,613,0,0,-1,-1,2,-1
160,1,2,616,0,0,-1,2,-1,-1
161,3,8,636,0,0,2,1,-1,1
162,0,0,651,0,2,-1,0,-1,0
163,1,7,655,0,0,-1,-1,-1,-1
164,1,6,656,0,0,-1,-1,-1,2
165,0,3,656,0,2,0,-1,-1,-1
166,0,1,658,0,0,2,-1,-1,-1
167,1,8,665,0,0,-1,-1,-1,-1
168,1,9,680,0,0,-1,-1,-1,-1
169,1,9,692,0,0,-1,-1,-1,-1
170,0,8,696,0,0,-1,-1,-1,-1
171,2,9,722,0,0,-1,-1,-1,1
172,2,9,723,0,0,-1,-1,-1,1
173,0,7,90,0,0,-1,-1,-1,-1
174,0,6,94,0,0,-1,-1,-1,-1
175,0,6,95,0,0,-1,-1,-1,-1
176,0,6,96,0,0,-1,-1,-1,-1
177,0,6,99,0,0,-1,-1,-1,-1
178,3,6,107,2,2,-1,-1,-1,-1
179,3,6,108,2,2,-1,-1,-1,-1
180,3,7,113,2,2,-1,0,0,-1
181,3,7,114,2,2,-1,0,0,-1
182,0,4,115,2,2,-1,0,-1,0
183,5,2,116,2,2,-1,-1,-1,-1
184,4,4,117,2,2,-1,-1,-1,-1
185,0,2,123,2,0,-1,2,-1,-1
186,3,0,124,2,2,-1,0,0,-1
187,0,2,124,2,0,-1,2,-1,-1
188,0,4,125,2,2,-1,0,-1,0
189,0,4,125,2,2,-1,0,-1,0
190,0,4,126,2,2,-1,0,-1,0
191,0,4,126,2,2,-1,0,-1,0
192,4,0,128,2,2,-1,-1,-1,-1
193,4,3,134,2,2,-1,-1,-1,-1
194,0,0,141,2,2,-1,0,-1,0
195,2,7,142,2,0,2,-1,-1,2
196,1,4,143,2,0,2,-1,2,2
197,1,2,145,2,0,-1,2,-1,-1
198,3,1,146,2,0,2,2,-1,2
199,2,5,147,2,2,-1,-1,0,-1
200,3,7,148,2,2,-1,0,0,-1
201,2,4,149,2,2,-1,-1,0,-1
202,2,4,149,2,2,-1,-1,0,-1
203,2,4,149,2,2,-1,-1,0,-1
204,2,4,150,2,2,-1,-1,0,-1
205,2,4,150,2,2,-1,-1,0,-1
206,2,4,150,2,2,-1,-1,0,-1
207,3,0,151,2,2,-1,0,0,-1
208,3,0,151,2,2,-1,0,0,-1
209,3,0,152,2,2,-1,0,0,-1
210,3,2,153,2,2,0,-1,0,-1
211,3,2,153,2,2,0,-1,0,-1
212,2,2,154,2,0,-1,2,-1,2
213,2,2,154,2,0,-1,2,-1,2
214,3,0,155,2,2,-1,0,0,-1
215,3,0,155,2,2,-1,0,0,-1
216,3,0,155,2,2,-1,0,0,-1
217,2,3,156,2,2,0,-1,-1,-1
218,2,4,168,2,2,-1,-1,0,-1
219,5,1,174,2,2,-1,-1,-1,-1
220,4,5,175,2,2,-1,-1,-1,3
221,5,3,175,2,2,-1,-1,-1,-1
222,5,1,179,2,2,-1,-1,-1,-1
223,5,1,179,2,2,-1,-1,-1,-1
224,5,1,180,2,2,-1,-1,-1,-1
225,9,3,181,2,2,-1,-1,-1,-1
226,6,2,185,2,2,-1,-1,-1,-1
227,3,2,190,2,2,0,-1,0,-1
228,2,4,191,2,2,-1,-1,0,-1
229,2,4,191,2,2,-1,-1,0,-1
230,3,0,192,2,2,-1,0,0,-1
231,2,2,194,2,0,-1,2,-1,2
232,2,3,195,2,2,0,-1,-1,-1
233,2,3,195,2,2,0,-1,-1,-1
234,3,0,196,2,2,-1,0,0,-1
235,3,0,196,2,2,-1,0,0,-1
236,9,0,200,2,2,-1,-1,-1,-1
237,3,0,201,2,2,-1,0,0,-1
238,3,2,202,2,2,0,-1,0,-1
239,3,2,202,2,2,0,-1,0,-1
240,3,3,203,2,2,-1,-1,-1,-1
241,3,3,204,2,2,-1,-1,-1,-1
242,1,0,206,2,0,-1,-1,2,-1
243,9,1,214,2,2,-1,-1,-1,-1
244,5,0,214,2,2,-1,-1,-1,3
245,2,0,221,2,0,-1,-1,-1,2
246,4,3,222,2,2,-1,-1,-1,-1
247,3,4,223,2,2,-1,-1,-1,-1
248,4,6,224,2,2,-1,-1,-1,3
249,8,2,225,2,2,-1,-1,-1,-1
250,9,0,229,2,2,-1,-1,-1,-1
251,9,2,231,2,2,-1,-1,-1,-1
252,9,2,232,2,2,-1,-1,-1,-1
253,4,6,235,2,2,-1,-1,-1,3
254,3,0,249,2,2,-1,0,0,-1
255,5,5,251,2,3,2,-1,2,-1
256,0,1,257,2,0,2,-1,-1,-1
257,0,1,257,2,0,2,-1,-1,-1
258,9,2,259,2,2,-1,-1,-1,-1
259,3,5,25,2,2,-1,-1,-1,-1
260,8,2,260,2,2,-1,-1,-1,-1
261,8,2,260,2,2,-1,-1,-1,-1
262,9,0,261,2,2,-1,-1,-1,-1
263,9,0,262,2,2,-1,-1,-1,-1
264,9,0,263,2,2,-1,-1,-1,-1
265,7,2,265,2,2,-1,-1,-1,-1
266,6,2,266,2,2,-1,-1,-1,-1
267,6,2,266,2,2,-1,-1,-1,-1
268,6,3,267,2,2,-1,-1,-1,-1
269,9,1,267,2,2,-1,-1,-1,-1
270,6,4,268,2,2,-1,3,-1,3
271,4,4,270,2,2,-1,-1,-1,-1
272,4,6,271,2,2,-1,-1,-1,3
273,5,3,276,2,2,-1,-1,-1,-1
274,8,1,277,2,2,-1,-1,-1,-1
275,8,1,277,2,2,-1,-1,-1,-1
276,8,1,278,2,2,-1,-1,-1,-1
277,9,1,278,2,2,-1,-1,-1,-1
278,9,0,279,2,2,-1,-1,-1,-1
279,3,4,279,2,2,-1,-1,-1,-1
280,3,4,279,2,2,-1,-1,-1,-1
281,4,5,280,2,2,-1,-1,-1,3
282,4,0,280,2,2,-1,-1,-1,-1
283,3,5,286,2,2,-1,-1,-1,-1
284,3,5,287,2,2,-1,-1,-1,-1
285,0,1,287,2,0,2,-1,-1,-1
286,4,6,292,2,2,-1,-1,-1,3
287,7,2,293,2,2,-1,-1,-1,-1
288,7,2,293,2,2,-1,-1,-1,-1
289,7,2,294,2,2,-1,-1,-1,-1
290,7,2,294,2,2,-1,-1,-1,-1
291,5,0,295,2,2,-1,-1,-1,3
292,5,0,295,2,2,-1,-1,-1,3
293,5,0,296,2,2,-1,-1,-1,3
294,4,4,302,2,2,-1,-1,-1,-1
295,2,8,306,2,0,-1,-1,-1,-1
296,0,0,311,2,2,-1,0,-1,0
297,4,0,317,2,2,-1,-1,-1,-1
298,3,5,318,2,2,-1,-1,-1,-1
299,4,4,328,2,2,-1,-1,-1,-1
300,9,3,329,2,2,-1,-1,-1,-1
301,3,5,337,2,2,-1,-1,-1,-1
302,4,2,338,2,2,-1,-1,-1,-1
303,1,8,340,2,0,-1,-1,-1,-1
304,4,6,346,2,2,-1,-1,-1,3
305,0,9,374,2,0,-1,-1,-1,-1
306,1,9,375,2,0,-1,-1,-1,-1
307,3,7,37,2,2,-1,0,0,-1
308,2,8,383,2,0,-1,-1,-1,-1
309,0,9,395,2,0,-1,-1,-1,-1
310,3,4,429,2,2,-1,-1,-1,-1
311,4,1,430,2,2,-1,-1,0,-1
312,4,1,430,2,2,-1,-1,0,-1
313,4,1,431,2,2,-1,-1,0,-1
314,3,6,439,2,2,-1,-1,-1,-1
315,2,5,440,2,2,-1,-1,0,-1
316,2,6,461,2,2,-1,0,0,-1
317,2,6,461,2,2,-1,0,0,-1
318,2,6,462,2,2,-1,0,0,-1
319,4,4,463,2,2,-1,-1,-1,-1
320,0,5,463,2,0,2,-1,-1,-1
321,1,5,464,2,0,-1,-1,-1,2
322,2,6,465,2,2,-1,0,0,-1
323,9,3,467,2,2,-1,-1,-1,-1
324,2,7,467,2,0,2,-1,-1,2
325,9,4,468,2,2,-1,3,-1,-1
326,8,2,472,2,2,-1,-1,-1,-1
327,0,3,472,2,2,0,-1,-1,-1
328,0,2,473,2,0,-1,2,-1,-1
329,0,2,474,2,0,-1,2,-1,-1
330,0,3,475,2,2,0,-1,-1,-1
331,0,3,475,2,2,0,-1,-1,-1
332,1,2,476,2,0,-1,2,-1,-1
333,1,2,476,2,0,-1,2,-1,-1
334,1,3,477,2,2,0,0,-1,-1
335,1,3,477,2,2,0,0,-1,-1
336,1,3,478,2,2,0,0,-1,-1
337,1,3,478,2,2,0,0,-1,-1
338,9,5,480,2,3,2,1,-1,-1
339,8,1,482,2,2,-1,-1,-1,-1
340,0,0,482,2,2,-1,0,-1,0
341,0,2,483,2,0,-1,2,-1,-1
342,9,1,489,2,2,-1,-1,-1,-1
343,4,3,490,2,2,-1,-1,-1,-1
344,2,8,493,2,0,-1,-1,-1,-1
345,0,3,497,2,2,0,-1,-1,-1
346,0,3,498,2,2,0,-1,-1,-1
347,9,2,503,2,2,-1,-1,-1,-1
348,9,2,504,2,2,-1,-1,-1,-1
349,9,2,504,2,2,-1,-1,-1,-1
350,9,2,504,2,2,-1,-1,-1,-1
351,1,7,505,2,0,-1,-1,-1,-1
352,0,2,513,2,0,-1,2,-1,-1
353,8,2,513,2,2,-1,-1,-1,-1
354,9,1,514,2,2,-1,-1,-1,-1
355,9,4,515,2,2,-1,3,-1,-1
356,2,2,517,2,0,-1,2,-1,2
357,1,3,518,2,2,0,0,-1,-1
358,9,3,518,2,2,-1,-1,-1,-1
359,0,1,520,2,0,2,-1,-1,-1
360,1,3,520,2,2,0,0,-1,-1
361,1,1,523,2,0,-1,-1,-1,-1
362,0,3,524,2,2,0,-1,-1,-1
363,0,3,524,2,2,0,-1,-1,-1
364,1,5,525,2,0,-1,-1,-1,2
365,5,1,525,2,2,-1,-1,-1,-1
366,1,3,526,2,2,0,0,-1,-1
367,4,2,526,2,2,-1,-1,-1,-1
368,3,5,527,2,2,-1,-1,-1,-1
369,3,5,528,2,2,-1,-1,-1,-1
370,2,6,52,2,2,-1,0,0,-1
371,3,7,531,2,2,-1,0,0,-1
372,2,6,533,2,2,-1,0,0,-1
373,0,4,534,2,2,-1,0,-1,0
374,0,4,535,2,2,-1,0,-1,0
375,7,4,536,2,3,2,-1,2,2
376,7,3,537,2,2,-1,3,-1,-1
377,9,4,538,2,2,-1,3,-1,-1
378,2,6,53,2,2,-1,0,0,-1
379,4,7,541,2,2,-1,1,-1,1
380,7,1,541,2,2,3,-1,-1,-1
381,4,7,542,2,2,-1,1,-1,1
382,5,2,542,2,2,-1,-1,-1,-1
383,3,7,543,2,2,-1,0,0,-1
384,5,2,543,2,2,-1,-1,-1,-1
385,2,4,544,2,2,-1,-1,0,-1
386,8,3,544,2,2,-1,-1,-1,-1
387,2,3,545,2,2,0,-1,-1,-1
388,8,3,545,2,2,-1,-1,-1,-1
389,2,4,546,2,2,-1,-1,0,-1
390,9,4,546,2,2,-1,3,-1,-1
391,3,1,547,2,0,2,2,-1,2
392,6,9,548,2,1,-1,-1,-1,-1
393,2,4,551,2,2,-1,-1,0,-1
394,2,5,552,2,2,-1,-1,0,-1
395,2,5,553,2,2,-1,-1,0,-1
396,3,6,554,2,2,-1,-1,-1,-1
397,6,0,554,2,3,-1,2,2,-1
398,4,0,555,2,2,-1,-1,-1,-1
399,5,0,555,2,2,-1,-1,-1,3
400,2,5,556,2,2,-1,-1,0,-1
401,6,1,556,2,2,3,-1,-1,-1
402,8,4,557,2,2,-1,3,3,-1
403,0,0,560,2,2,-1,0,-1,0
404,3,3,561,2,2,-1,-1,-1,-1
405,7,1,562,2,2,3,-1,-1,-1
406,4,5,563,2,2,-1,-1,-1,3
407,5,4,564,2,2,-1,3,-1,-1
408,5,4,564,2,2,-1,3,-1,-1
409,8,3,565,2,2,-1,-1,-1,-1
410,8,3,566,2,2,-1,-1,-1,-1
411,6,4,567,2,2,-1,3,-1,3
412,9,3,568,2,2,-1,-1,-1,-1
413,6,4,568,2,2,-1,3,-1,3
414,6,3,569,2,2,-1,-1,-1,-1
415,7,3,571,2,2,-1,3,-1,-1
416,0,1,572,2,0,2,-1,-1,-1
417,6,2,572,2,2,-1,-1,-1,-1
418,5,3,573,2,2,-1,-1,-1,-1
419,5,2,573,2,2,-1,-1,-1,-1
420,5,3,574,2,2,-1,-1,-1,-1
421,5,3,574,2,2,-1,-1,-1,-1
422,5,3,575,2,2,-1,-1,-1,-1
423,6,0,575,2,3,-1,2,2,-1
424,9,3,576,2,2,-1,-1,-1,-1
425,7,0,576,2,3,-1,2,-1,2
426,6,2,577,2,2,-1,-1,-1,-1
427,6,3,578,2,2,-1,-1,-1,-1
428,0,0,580,2,2,-1,0,-1,0
429,9,2,581,2,2,-1,-1,-1,-1
430,8,0,581,2,2,-1,-1,3,-1
431,8,0,582,2,2,-1,-1,3,-1
432,6,1,583,2,2,3,-1,-1,-1
433,7,2,585,2,2,-1,-1,-1,-1
434,6,2,586,2,2,-1,-1,-1,-1
435,6,0,588,2,3,-1,2,2,-1
436,7,0,589,2,3,-1,2,-1,2
437,6,2,590,2,2,-1,-1,-1,-1
438,8,1,591,2,2,-1,-1,-1,-1
439,5,2,591,2,2,-1,-1,-1,-1
440,5,1,592,2,2,-1,-1,-1,-1
441,5,0,593,2,2,-1,-1,-1,3
442,0,0,598,2,2,-1,0,-1,0
443,4,4,603,2,2,-1,-1,-1,-1
444,9,0,603,2,2,-1,-1,-1,-1
445,9,0,604,2,2,-1,-1,-1,-1
446,9,4,605,2,2,-1,3,-1,-1
447,1,7,605,2,0,-1,-1,-1,-1
448,9,3,605,2,2,-1,-1,-1,-1
449,1,0,608,2,0,-1,-1,2,-1
450,1,0,608,2,0,-1,-1,2,-1
451,7,2,609,2,2,-1,-1,-1,-1
452,5,4,615,2,2,-1,3,-1,-1
453,1,1,626,2,0,-1,-1,-1,-1
454,6,3,628,2,2,-1,-1,-1,-1
455,4,3,630,2,2,-1,-1,-1,-1
456,9,1,631,2,2,-1,-1,-1,-1
457,3,7,633,2,2,-1,0,0,-1
458,9,3,637,2,2,-1,-1,-1,-1
459,5,1,638,2,2,-1,-1,-1,-1
460,4,2,639,2,2,-1,-1,-1,-1
461,5,1,640,2,2,-1,-1,-1,-1
462,7,0,641,2,3,-1,2,-1,2
463,8,0,642,2,2,-1,-1,3,-1
464,5,1,643,2,2,-1,-1,-1,-1
465,5,1,643,2,2,-1,-1,-1,-1
466,9,3,644,2,2,-1,-1,-1,-1
467,7,1,644,2,2,3,-1,-1,-1
468,4,3,647,2,2,-1,-1,-1,-1
469,8,4,648,2,2,-1,3,3,-1
470,7,3,650,2,2,-1,3,-1,-1
471,8,3,651,2,2,-1,-1,-1,-1
472,5,2,651,2,2,-1,-1,-1,-1
473,5,3,653,2,2,-1,-1,-1,-1
474,5,5,654,2,3,2,-1,2,-1
475,6,4,654,2,2,-1,3,-1,3
476,5,4,655,2,2,-1,3,-1,-1
477,9,4,656,2,2,-1,3,-1,-1
478,4,2,661,2,2,-1,-1,-1,-1
479,4,3,662,2,2,-1,-1,-1,-1
480,4,3,663,2,2,-1,-1,-1,-1
481,4,3,663,2,2,-1,-1,-1,-1
482,4,1,664,2,2,-1,-1,0,-1
483,3,7,668,2,2,-1,0,0,-1
484,3,7,669,2,2,-1,0,0,-1
485,8,3,670,2,2,-1,-1,-1,-1
486,9,3,671,2,2,-1,-1,-1,-1
487,7,2,671,2,2,-1,-1,-1,-1
488,7,3,672,2,2,-1,3,-1,-1
489,0,4,672,2,2,-1,0,-1,0
490,6,3,673,2,2,-1,-1,-1,-1
491,6,4,675,2,2,-1,3,-1,3
492,4,2,68,2,2,-1,-1,-1,-1
493,4,2,68,2,2,-1,-1,-1,-1
494,3,6,695,2,2,-1,-1,-1,-1
495,3,5,696,2,2,-1,-1,-1,-1
496,8,1,69,2,2,-1,-1,-1,-1
497,4,4,700,2,2,-1,-1,-1,-1
498,4,1,71,2,2,-1,-1,0,-1
499,3,5,72,2,2,-1,-1,-1,-1
500,3,5,72,2,2,-1,-1,-1,-1
501,4,1,73,2,2,-1,-1,0,-1
502,4,6,84,2,2,-1,-1,-1,3
503,3,6,95,2,2,-1,-1,-1,-1
504,3,6,96,2,2,-1,-1,-1,-1
505,6,9,115,1,1,-1,-1,-1,-1
506,4,8,127,1,1,2,-1,0,-1
507,5,9,128,1,1,-1,-1,-1,-1
508,5,9,129,1,1,-1,-1,-1,-1
509,4,9,143,1,1,-1,-1,-1,-1
510,5,9,145,1,1,-1,-1,-1,-1
511,7,9,147,1,1,-1,-1,-1,-1
512,6,9,150,1,1,-1,-1,-1,-1
513,6,9,153,1,1,-1,-1,-1,-1
514,5,9,155,1,1,-1,-1,-1,-1
515,5,9,156,1,1,-1,-1,-1,-1
516,5,9,158,1,1,-1,-1,-1,-1
517,4,8,161,1,1,2,-1,0,-1
518,5,9,171,1,1,-1,-1,-1,-1
519,7,8,172,1,1,-1,-1,-1,-1
520,8,7,173,1,1,-1,-1,-1,-1
521,9,7,184,1,1,-1,-1,-1,-1
522,9,7,185,1,1,-1,-1,-1,-1
523,6,8,185,1,1,-1,-1,-1,-1
524,9,7,186,1,1,-1,-1,-1,-1
525,8,9,186,1,1,-1,-1,-1,-1
526,6,9,188,1,1,-1,-1,-1,-1
527,6,9,195,1,1,-1,-1,-1,-1
528,7,9,196,1,1,-1,-1,-1,-1
529,7,9,197,1,1,-1,-1,-1,-1
530,8,7,198,1,1,-1,-1,-1,-1
531,5,8,198,1,1,-1,-1,-1,-1
532,5,8,199,1,1,-1,-1,-1,-1
533,4,9,1,1,1,-1,-1,-1,-1
534,9,8,202,1,1,-1,-1,-1,-1
535,8,4,204,1,2,-1,3,3,-1
536,4,9,205,1,1,-1,-1,-1,-1
537,4,9,206,1,1,-1,-1,-1,-1
538,7,1,206,1,2,3,-1,-1,-1
539,4,9,207,1,1,-1,-1,-1,-1
540,7,9,210,1,1,-1,-1,-1,-1
541,6,7,211,1,1,-1,-1,-1,-1
542,7,8,212,1,1,-1,-1,-1,-1
543,9,6,214,1,1,3,-1,-1,-1
544,8,7,215,1,1,-1,-1,-1,-1
545,3,9,218,1,1,0,-1,0,-1
546,4,9,21,1,1,-1,-1,-1,-1
547,8,9,221,1,1,-1,-1,-1,-1
548,8,6,227,1,1,3,-1,-1,-1
549,9,9,229,1,1,-1,-1,-1,-1
550,7,9,230,1,1,-1,-1,-1,-1
551,9,9,233,1,1,-1,-1,-1,-1
552,6,6,235,1,1,3,-1,3,-1
553,7,7,238,1,1,-1,-1,-1,-1
554,7,7,238,1,1,-1,-1,-1,-1
555,9,9,239,1,1,-1,-1,-1,-1
556,7,7,239,1,1,-1,-1,-1,-1
557,9,9,240,1,1,-1,-1,-1,-1
558,9,9,241,1,1,-1,-1,-1,-1
559,7,7,241,1,1,-1,-1,-1,-1
560,9,8,243,1,1,-1,-1,-1,-1
561,8,9,243,1,1,-1,-1,-1,-1
562,7,6,244,1,1,3,-1,-1,-1
563,7,9,245,1,1,-1,-1,-1,-1
564,9,8,246,1,1,-1,-1,-1,-1
565,8,8,247,1,1,-1,-1,-1,-1
566,7,7,249,1,1,-1,-1,-1,-1
567,8,8,250,1,1,-1,-1,-1,-1
568,8,8,251,1,1,-1,-1,-1,-1
569,8,6,254,1,1,3,-1,-1,-1
570,7,7,255,1,1,-1,-1,-1,-1
571,6,7,256,1,1,-1,-1,-1,-1
572,8,7,259,1,1,-1,-1,-1,-1
573,9,7,260,1,1,-1,-1,-1,-1
574,7,9,261,1,1,-1,-1,-1,-1
575,6,6,265,1,1,3,-1,3,-1
576,6,7,270,1,1,-1,-1,-1,-1
577,7,8,277,1,1,-1,-1,-1,-1
578,5,7,278,1,1,3,-1,2,-1
579,9,9,297,1,1,-1,-1,-1,-1
580,5,7,298,1,1,3,-1,2,-1
581,4,8,2,1,1,2,-1,0,-1
582,5,9,313,1,1,-1,-1,-1,-1
583,6,9,320,1,1,-1,-1,-1,-1
584,6,9,321,1,1,-1,-1,-1,-1
585,4,8,35,1,1,2,-1,0,-1
586,5,7,385,1,1,3,-1,2,-1
587,3,9,394,1,1,0,-1,0,-1
588,3,8,434,1,0,2,1,-1,1
589,3,9,445,1,1,0,-1,0,-1
590,3,9,449,1,1,0,-1,0,-1
591,4,8,463,1,1,2,-1,0,-1
592,6,9,472,1,1,-1,-1,-1,-1
593,5,9,473,1,1,-1,-1,-1,-1
594,5,9,474,1,1,-1,-1,-1,-1
595,4,9,475,1,1,-1,-1,-1,-1
596,4,8,476,1,1,2,-1,0,-1
597,4,9,528,1,1,-1,-1,-1,-1
598,5,9,544,1,1,-1,-1,-1,-1
599,5,9,545,1,1,-1,-1,-1,-1
600,6,9,546,1,1,-1,-1,-1,-1
601,2,0,548,1,0,-1,-1,-1,2
602,8,7,549,1,1,-1,-1,-1,-1
603,6,9,549,1,1,-1,-1,-1,-1
604,6,9,550,1,1,-1,-1,-1,-1
605,9,7,551,1,1,-1,-1,-1,-1
606,5,8,551,1,1,-1,-1,-1,-1
607,8,7,552,1,1,-1,-1,-1,-1
608,6,9,552,1,1,-1,-1,-1,-1
609,8,9,553,1,1,-1,-1,-1,-1
610,7,9,553,1,1,-1,-1,-1,-1
611,8,8,554,1,1,-1,-1,-1,-1
612,7,6,558,1,1,3,-1,-1,-1
613,8,7,559,1,1,-1,-1,-1,-1
614,7,5,564,1,3,-1,1,-1,-1
615,8,6,569,1,1,3,-1,-1,-1
616,9,6,569,1,1,3,-1,-1,-1
617,9,9,572,1,1,-1,-1,-1,-1
618,8,9,577,1,1,-1,-1,-1,-1
619,8,6,577,1,1,3,-1,-1,-1
620,8,6,578,1,1,3,-1,-1,-1
621,7,8,581,1,1,-1,-1,-1,-1
622,7,8,582,1,1,-1,-1,-1,-1
623,8,8,583,1,1,-1,-1,-1,-1
624,5,7,583,1,1,3,-1,2,-1
625,6,7,585,1,1,-1,-1,-1,-1
626,9,9,593,1,1,-1,-1,-1,-1
627,7,8,594,1,1,-1,-1,-1,-1
628,9,9,594,1,1,-1,-1,-1,-1
629,6,8,595,1,1,-1,-1,-1,-1
630,8,5,598,1,3,2,1,-1,-1
631,9,8,599,1,1,-1,-1,-1,-1
632,8,7,600,1,1,-1,-1,-1,-1
633,7,6,601,1,1,3,-1,-1,-1
634,9,7,606,1,1,-1,-1,-1,-1
635,7,6,607,1,1,3,-1,-1,-1
636,7,6,608,1,1,3,-1,-1,-1
637,9,8,609,1,1,-1,-1,-1,-1
638,8,8,611,1,1,-1,-1,-1,-1
639,8,9,616,1,1,-1,-1,-1,-1
640,8,9,617,1,1,-1,-1,-1,-1
641,8,8,618,1,1,-1,-1,-1,-1
642,6,7,620,1,1,-1,-1,-1,-1
643,6,7,621,1,1,-1,-1,-1,-1
644,7,7,621,1,1,-1,-1,-1,-1
645,9,7,622,1,1,-1,-1,-1,-1
646,9,7,623,1,1,-1,-1,-1,-1
647,6,7,624,1,1,-1,-1,-1,-1
648,7,6,627,1,1,3,-1,-1,-1
649,7,6,628,1,1,3,-1,-1,-1
650,9,6,631,1,1,3,-1,-1,-1
651,5,7,635,1,1,3,-1,2,-1
652,9,6,645,1,1,3,-1,-1,-1
653,6,7,652,1,1,-1,-1,-1,-1
654,9,6,656,1,1,3,-1,-1,-1
655,7,7,662,1,1,-1,-1,-1,-1
656,6,8,664,1,1,-1,-1,-1,-1
657,8,6,666,1,1,3,-1,-1,-1
658,6,6,673,1,1,3,-1,3,-1
659,6,7,676,1,1,-1,-1,-1,-1
660,8,7,677,1,1,-1,-1,-1,-1
661,5,7,696,1,1,3,-1,2,-1
662,6,8,70,1,1,-1,-1,-1,-1
663,6,8,71,1,1,-1,-1,-1,-1
664,4,8,730,1,1,2,-1,0,-1
665,4,8,731,1,1,2,-1,0,-1
666,6,5,168,3,3,2,1,-1,-1
667,6,4,174,3,2,-1,3,-1,3
668,7,5,182,3,3,-1,1,-1,-1
669,7,5,183,3,3,-1,1,-1,-1
670,7,3,186,3,2,-1,3,-1,-1
671,5,4,186,3,2,-1,3,-1,-1
672,7,5,216,3,3,-1,1,-1,-1
673,9,0,217,3,2,-1,-1,-1,-1
674,5,4,220,3,2,-1,3,-1,-1
675,5,5,221,3,3,2,-1,2,-1
676,6,1,221,3,2,3,-1,-1,-1
677,6,5,222,3,3,2,1,-1,-1
678,7,1,222,3,2,3,-1,-1,-1
679,6,5,223,3,3,2,1,-1,-1
680,7,0,223,3,3,-1,2,-1,2
681,6,3,224,3,2,-1,-1,-1,-1
682,5,6,225,3,3,-1,1,2,1
683,6,3,225,3,2,-1,-1,-1,-1
684,8,5,226,3,3,2,1,-1,-1
685,6,5,228,3,3,2,1,-1,-1
686,9,1,228,3,2,-1,-1,-1,-1
687,9,6,230,3,1,3,-1,-1,-1
688,5,6,230,3,3,-1,1,2,1
689,7,3,246,3,2,-1,3,-1,-1
690,6,3,247,3,2,-1,-1,-1,-1
691,8,4,256,3,2,-1,3,3,-1
692,5,6,272,3,3,-1,1,2,1
693,5,6,273,3,3,-1,1,2,1
694,6,5,284,3,3,2,1,-1,-1
695,8,8,387,3,1,-1,-1,-1,-1
696,9,9,422,3,1,-1,-1,-1,-1
697,5,4,555,3,2,-1,3,-1,-1
698,8,5,556,3,3,2,1,-1,-1
699,8,4,558,3,2,-1,3,3,-1
700,7,4,559,3,3,2,-1,2,2
701,6,4,560,3,2,-1,3,-1,3
702,8,3,560,3,2,-1,-1,-1,-1
703,5,5,561,3,3,2,-1,2,-1
704,7,1,561,3,2,3,-1,-1,-1
705,6,2,570,3,2,-1,-1,-1,-1
706,9,4,574,3,2,-1,3,-1,-1
707,6,4,575,3,2,-1,3,-1,3
708,7,0,577,3,3,-1,2,-1,2
709,6,1,584,3,2,3,-1,-1,-1
710,7,3,584,3,2,-1,3,-1,-1
711,6,0,585,3,3,-1,2,2,-1
712,6,0,586,3,3,-1,2,2,-1
713,6,0,587,3,3,-1,2,2,-1
714,6,6,593,3,1,3,-1,3,-1
715,6,0,594,3,3,-1,2,2,-1
716,5,6,595,3,3,-1,1,2,1
717,7,0,595,3,3,-1,2,-1,2
718,7,0,596,3,3,-1,2,-1,2
719,6,5,597,3,3,2,1,-1,-1
720,6,4,610,3,2,-1,3,-1,3
721,5,5,616,3,3,2,-1,2,-1
722,9,4,617,3,2,-1,3,-1,-1
723,9,5,618,3,3,2,1,-1,-1
724,7,3,620,3,2,-1,3,-1,-1
725,5,5,624,3,3,2,-1,2,-1
726,7,4,631,3,3,2,-1,2,2
727,6,4,632,3,2,-1,3,-1,3
728,9,5,633,3,3,2,1,-1,-1
729,9,5,634,3,3,2,1,-1,-1
730,5,5,636,3,3,2,-1,2,-1
731,5,6,637,3,3,-1,1,2,1
732,7,4,638,3,3,2,-1,2,2
733,7,1,643,3,2,3,-1,-1,-1
734,7,4,646,3,3,2,-1,2,2
735,5,5,694,3,3,2,-1,2,-1
736,8,5,694,3,3,2,1,-1,-1
